;municipio;getulio_vargas;cristiano_machado;eduardo_gomes;joao_mangabeira;brancos_presidente;nulos_presidente;votantes;eleitores;pgetulio;pcristiano;peduardo;pjoao;pnulo;pbrancos;Urban_Tax_1950;Pop_Resid_1950;Pop.Urban_1950;PIB_Capt_1950;Pib_Mun_1949;Pib_Ind_1949;Pib_Agro_1949;Pib_Ser_1949;Alistados1949/Pop-1950
3100203;Abaeté;218;5151;3416;1;180;36;9002;12830;0,024216841;0,572206176;0,379471229;0,000111086;0,003999111;0,019995557;0,055316557;26267;1453;9,818657125;14266,5088;546,60464;9982,368088;3737,536075;0,325236989
3100302;Abre Campo;1395;3772;1971;0;258;168;7564;11082;0,18442623;0,498677948;0,260576415;0;0,022210471;0,034108937;0,160498285;22156;3556;5,463056008;19426,62716;355,569878;16534,64392;2536,413371;0,423271349
3101102;Aimorés;2970;748;3566;0;148;221;7653;11945;0,388083105;0,097739449;0,465961061;0;0,028877564;0,019338821;0,144805791;37022;5361;8,140899962;43643,3647;6352,004717;19712,16252;17579,19745;0,472070661
3101201;Airuóca;976;2577;2468;0;92;162;6275;7141;0,155537849;0,410677291;0,393306773;0;0,025816733;0,014661355;0,168166367;10002;1682;4,762217479;8010,0498;916,4131339;4461,389037;2632,247629;0,599080184
3101508;Alem Paraíba;4739;2524;2393;1;7;33;9697;11002;0,488707848;0,260286687;0,246777354;0,000103125;0,003403114;0,000721873;0,408111677;26505;10817;4,152649079;44919,20509;17774,93425;7076,57715;20067,69369;0,411809093
3101607;Alfenas;2153;1839;2130;0;146;57;6325;9184;0,340395257;0,290750988;0,336758893;0;0,009011858;0,023083004;0,462354189;19803;9156;2,947025809;26982,96831;2394,065041;10795,15902;13793,74425;0,545725395
3101706;Almenara;1581;7873;4004;0;452;235;14145;11402;0,111770944;0,556592435;0,283068222;0;0,016613644;0,031954754;0,123698173;30534;3777;3,81752059;14418,77527;376,1367675;9723,707926;4318,930575;0,365952708
3102100;Alto Rio Doce;777;2559;3274;0;104;120;6834;10496;0,113696225;0,374451273;0,479075212;0;0,017559263;0,015218028;0,113490683;20125;2284;4,467439777;10203,63245;608,7008256;8566,310585;1028,621039;0,446062112
3102308;Alvinópolis;1819;1372;1820;0;112;173;5296;6786;0,343466767;0,259063444;0,343655589;0;0,032666163;0,021148036;0,255744256;15015;3840;2,633923734;10114,26714;2618,718757;5118,858775;2376,689607;0,342191142
3102605;Andradas;1234;841;2207;0;137;35;4454;5877;0,277054333;0,188819039;0,495509654;0;0,007858105;0,030758868;0,169015692;17525;2962;9,369687586;27753,01463;4354,247816;15406,18967;7992,577145;0,244793153
3102803;Andrelândia;1636;2790;3116;0;238;119;7899;10918;0,207114825;0,353209267;0,394480314;0;0,015065198;0,030130396;0,220544959;18350;4047;3,685439849;14914,97507;1126,0372;7007,066855;6781,871015;0,448555858
3103405;Araçuaí;1516;6977;3007;0;334;276;12110;16659;0,125185797;0,576135425;0,248307184;0;0,022791082;0,027580512;0,194572603;23842;4639;2,232671167;10357,36154;143,1771923;4933,716716;5280,467634;0,34636356
3103504;Araguarí;3351;2576;4183;0;286;82;10478;14574;0,319812941;0,245848444;0,399217408;0;0,007825921;0,027295285;0,384643806;43305;16657;5,701711012;94973,40032;16704,66496;26131,70435;52137,03101;0,236369934
3104007;Araxá;2744;2484;2366;0;172;131;7897;12950;0,347473724;0,314549829;0,299607446;0;0,016588578;0,021780423;0,353983257;18515;6554;9,549562197;62587,83064;1769,543531;2717,170755;58101,11635;0,967485822
3104908;Baependí;937;1422;1722;0;63;24;4168;5124;0,224808061;0,341170825;0,413147793;0;0,005758157;0,015115163;0,135944431;17132;2329;3,150117607;7336,623906;1064,732048;4358,401166;1913,490691;0,371001634
3105103;Bambuí;465;2532;1690;0;100;36;4823;6809;0,096413021;0,52498445;0,350404313;0;0,007464234;0,020733983;0,142126951;25238;3587;6,277416239;22517,09205;2392,087455;12669,0993;7455,905298;0,219629131
3105608;Barbacena;4858;6744;8695;0;532;374;21203;36207;0,229118521;0,318068198;0,410083479;0;0,017639013;0,025090789;0,270996559;68285;18505;3,399535232;62908,39947;15875,6611;16119,80111;30912,93726;0,495892216
3106200;Belo Horizonte;49621;13012;29629;117;2318;1397;96094;133144;0,516379795;0,135409079;0,308333507;0,001217558;0,014537848;0,024122214;0,199955206;352724;70529;14,01912737;988755,034;175451,3881;2683,182879;810620,4631;0,272045565
3106705;Betim;2424;940;2058;0;73;337;5832;9240;0,41563786;0,161179698;0,352880658;0;0,057784636;0,012517147;0,276135809;16376;4522;2,389896418;10807,1116;2252,865434;3794,478003;4759,768164;0,60301661
3106903;Bicas;1681;133;1246;13;75;7;3155;3991;0,532805071;0,042155309;0,394928685;0,004120444;0,0022187;0,023771791;0,318190719;10214;3250;6,282124137;20416,90344;3865,784191;3421,825862;13129,29339;0,470922264
3107109;Boa Esperança;557;1525;982;0;67;36;3167;4249;0,175876224;0,48152826;0,310072624;0;0,011367225;0,021155668;0,236657462;22091;5228;5,827395293;30465,62259;2088,725835;14998,43429;13378,46246;0,170431397
3107307;Bocaiúva;468;2253;1557;0;71;173;4522;7038;0,103494029;0,498230871;0,344316674;0;0,038257408;0,015701017;0,112132591;30892;3464;5,143593424;17817,40762;4188,921666;9137,053713;4491,43224;0,18066166
3107406;Bom Despacho;1544;857;2624;0;84;132;5241;7539;0,294600267;0,163518413;0,500667811;0;0,025186033;0,016027476;0,362000079;25279;9151;2,470581525;22608,29154;3307,314038;10535,33734;8765,640162;0,246172713
3108008;Bom Sucesso;829;3264;2637;0;215;0;6945;9227;0,119366451;0,469978402;0,379697624;0;0;0,030957523;0,228935496;16402;3755;3,809695987;14305,40843;2881,342115;7868,615332;3555,450984;0,435251799
3108107;Bonfim;3054;4615;4437;1;337;382;12826;19239;0,238110089;0,359815999;0,345937939;7,79666E-05;0,029783253;0,026274754;0,102025466;18613;1899;4,73967835;9000,649187;159,3933936;7410,130869;1431,124924;0,862784076
3108909;Brazópolis;1551;376;1354;0;71;39;3391;4631;0,457387201;0,110881746;0,399292244;0;0,011501032;0,020937776;0,184049882;22934;4221;6,12246058;25842,90611;957,1513957;15976,36316;8909,39155;0,171492108
3109501;Cabo Verde;673;708;785;1;85;37;2289;3534;0,294014854;0,309305374;0,342944517;0,000436872;0,016164264;0,03713412;0,134007585;11865;1590;6,761163003;10750,24918;847,9886746;8292,244961;1610,01554;0,245596292
3110004;Caeté;2107;1322;1765;0;152;31;5377;7966;0,391854194;0,245862005;0,328249954;0;0,005765297;0,028268551;0,301081648;21911;6597;5,766357115;38040,65789;25016,45693;4395,923227;8628,277725;0,246223358
3110509;Camanducaia;989;588;880;0;69;60;2586;3514;0,382443929;0,22737819;0,34029389;0;0,023201856;0,026682135;0,120828014;21932;2650;5,448805803;14439,33538;1100,328588;10281,89395;3057,112841;0,219268649
3110608;Cambui;276;2134;1663;0;65;63;4201;5067;0,065698643;0,507974292;0,395858129;0;0,014996429;0,015472507;0,126015901;22640;2853;4,254625882;12138,44764;304,1526543;8397,039587;3437,255399;0,160512367
3110905;Campanha;661;920;1331;1;57;5;2975;4121;0,222184874;0,309243697;0,447394958;0,000336134;0,001680672;0,019159664;0,492973651;7970;3929;2,51201584;9869,710234;1558,732913;2257,44667;6053,530651;0,400250941
3111200;Campo Belo;2680;1621;3438;0;167;56;7962;10885;0,336598845;0,203592062;0,431801055;0;0,007033409;0,020974629;0,261882397;26615;6970;5,631843763;39253,95103;8860,374201;13533,13631;16860,44052;0,332669547
3111606;Campos Gerais;983;1506;1925;0;134;22;4570;6391;0,215098468;0,329540481;0,421225383;0;0,004814004;0,029321663;0,172939439;16925;2927;6,702064298;19616,9422;1336,056783;13434,86642;4846,018996;0,315096012
3113305;Carangola;4206;4708;2235;1;249;399;11798;23142;0,356501102;0,399050687;0,189438888;8,47601E-05;0,033819291;0,021105272;0,243863064;42122;10272;4,986447592;51220,78967;4824,517655;21856,31293;24539,95908;0,569773515
3113404;Caratinga;4156;7845;2040;0;318;221;14580;22900;0,285048011;0,538065844;0,139917695;0;0,01515775;0,0218107;0,125267231;73906;9258;8,919203811;82573,98888;5068,156192;33709,57663;43796,25606;0,390563689
3115102;Cássia;1025;1105;1184;0;88;40;3442;4453;0,297791981;0,321034282;0,343986055;0;0,01162115;0,025566531;0,195609099;12617;2468;6,254829698;15436,91969;824,2576482;7984,125845;6628,536201;0,577078545
3115300;Cataguazes;3981;3583;6236;2;205;182;14189;17812;0,280569455;0,252519557;0,439495384;0,000140954;0,012826838;0,014447812;0,323971975;33827;10959;4,590087924;50302,77356;22126,41344;10728,13615;17448,22397;0,440062672
3117504;Conceiçã do Mato Dentro;1286;3544;3196;0;329;337;8692;13401;0,14795214;0,407731247;0,367694432;0;0,038771284;0,037850897;0,156242624;38133;5958;1,834767057;10931,54213;238,1012976;8403,002056;2290,438774;0,279521674
3118205;Conquista;1024;50;830;0;51;16;1971;2977;0,519533232;0,025367834;0,421106038;0;0,008117707;0,02587519;0,248301368;11627;2887;5,32641135;15377,34957;1491,890523;10266,11856;3619,34049;0,216306872
3118304;Conselheiro Lafaiete;6976;3962;4526;0;448;388;16300;23314;0,42797546;0,243067485;0,277668712;0;0,023803681;0,027484663;0,4054134;47327;19187;2,818878446;54085,82075;24501,09815;9063,41342;20521,30918;0,416062713
3119104;Corinto;2487;1902;1927;2;371;363;7052;10864;0,35266591;0,26971072;0,273255814;0,000283607;0,051474759;0,052609189;0,309373539;25668;7941;2,005876424;15928,66468;518,5229255;10615,23436;4794,907392;0,348800062
3120508;Cristina;1682;902;669;0;87;27;3367;4387;0,4995545;0,267894268;0,198693199;0;0,008019008;0,025839026;0,2125;11440;2431;5,480027806;13321,9476;1099,537554;7957,785546;4264,624496;0,454283217
3120904;Curvelo;2223;1807;2193;2;252;124;6601;12406;0,336767156;0,273746402;0,332222391;0,000302984;0,018785033;0,038176034;0,184261529;42825;7891;5,721108545;45145,26753;20265,50546;13328,53946;11551,2226;0,263864565
3121605;Diamantina;2127;3654;1886;1;213;442;8323;14577;0,255556891;0,43902439;0,226600985;0,000120149;0,053105851;0,025591734;0,237501116;56025;13306;2,551142142;33945,49734;5241,392684;15657,86762;13046,23703;0,220651495
3122306;Divinópolis;2529;1893;2803;0;130;79;7434;10758;0,340193705;0,254640839;0,377051386;0;0,01062685;0,017487221;0,408485523;32361;13219;2,773365899;36661,12382;12637,95808;4361,170411;19661,99533;0,195265906
3123205;Dores do Indaiá;865;1772;1607;0;120;9;4373;6150;0,197804711;0,405213812;0,367482278;0;0,002058084;0,027441116;0,151781357;18441;2799;5,895187798;16500,63065;994,7255208;8625,005377;6880,899748;0,27368364
3123601;Eloi Mendes;841;456;1084;1;37;7;2426;3014;0,346661171;0,187963726;0,446826051;0,000412201;0,002885408;0,015251443;0,201400017;11857;2388;5,131165579;12253,2234;1055,635155;8025,474297;3172,113951;0,217424306
3124807;Estrela do Sul;1051;507;1061;0;76;0;2695;4169;0,389981447;0,18812616;0,393692022;0;0;0,028200371;0,139962894;13475;1886;3,547316095;6690,238156;79,10342114;5320,566722;1290,568012;0,209795918
3125903;Ferros;969;1288;2639;0;193;250;5339;7198;0,181494662;0,241243679;0,49428732;0;0,046825248;0,036149092;0,114243732;21778;2488;3,631929644;9036,240955;728,1469916;7154,888388;1153,205575;0,252640279
3126109;Formiga;3009;2730;4578;0;291;209;10817;13737;0,278173246;0,252380512;0,423222705;0;0,019321438;0,026902099;0,298241923;33275;9924;3,367408327;33418,16024;5136,185134;11910,2893;16371,6858;0,28324568
3127107;Frutal;1205;1375;1360;2;106;46;4094;5833;0,29433317;0,335857352;0,332193454;0,00048852;0,011235955;0,025891549;0,119496855;17808;2128;8,780100087;18684,05299;1080,157216;10943,41482;6660,480954;0,276898023
3127701;Governador Valadares;4061;651;2845;0;141;824;8522;14771;0,476531331;0,076390519;0,333841821;0;0,096690918;0,016545412;0,226303356;60958;13795;5,380467955;74223,55544;13519,96122;24532,55065;36171,04357;0,34085764
3127800;Grão Mogol;225;1681;3037;0;103;214;5260;8495;0,042775665;0,319581749;0,577376426;0;0,040684411;0,019581749;0,053507401;32631;1746;4,250978479;7422,208425;11,86551317;7173,951741;236,3911706;0,196009929
3128006;Guanhães;859;1636;1566;0;93;199;4353;6207;0,197335171;0,375832759;0,359751895;0;0,045715598;0,021364576;0,134117246;35208;4722;4,113538035;19424,1266;350,8236727;10924,1965;8149,106433;0,27877187
3128303;Guaranésia;1041;136;849;0;68;24;2118;3604;0,491501416;0,06421152;0,400849858;0;0,011331445;0,03210576;0,321116688;14543;4670;4,37918512;20450,79451;4840,338339;10221,37638;5389,079794;0,194526576
3128709;Guaxupé;2143;1116;734;0;91;48;4132;6069;0,518635044;0,270087125;0,177637948;0;0,011616651;0,022023233;0,483514707;18562;8975;3,888004565;34894,84097;4839,151788;10636,47397;19419,21521;0,262148475
3131208;Ipanema;967;1616;1898;0;141;73;4695;8869;0,205963791;0,344195953;0,404259851;0;0,015548456;0,030031949;0,129067164;26800;3459;8,502386309;29409,75424;822,6755798;25434,13157;3152,947099;0,49141791
3131901;Itabirito;1975;405;871;0;80;90;3421;5021;0,577316574;0,118386437;0,254603917;0;0,026308097;0,023384975;0,559048362;12820;7167;4,12692603;29577,67886;19455,88195;861,0130815;9260,78383;0,367082683
3132404;Itajubá;4748;1809;2060;0;102;361;9080;12164;0,522907489;0,199229075;0,226872247;0;0,039757709;0,01123348;0,109106635;40465;4415;14,44584276;63778,39578;14525,76122;12084,9147;37167,71986;0,253008773
3132503;Itamarandiba;222;257;1027;0;36;52;1594;2612;0,139272271;0,161229611;0,644291092;0;0,032622334;0,022584693;0,095468177;30010;2865;4,709565409;13492,9049;179,9602831;12360,99098;951,9536328;0,078973675
3133105;Itanhandú;1023;603;1184;4;86;27;2927;3787;0,349504612;0,206012983;0,404509737;0,001366587;0,009224462;0,029381619;0,436453051;6507;2840;3,388647402;9623,758621;3370,992292;2512,035779;3740,73055;0,499615798
3133501;Itapecerica;249;3318;2418;0;108;34;6127;8973;0,040639791;0,541537457;0,394646646;0;0,005549208;0,017626897;0,168978316;35833;6055;4,086429202;24743,32882;2263,544396;15950,27695;6529,507468;0,224402087
3133808;Itaúna;2452;1227;2433;3;160;70;6345;8547;0,38644602;0,193380615;0,383451537;0,000472813;0,011032309;0,025216706;0,133966068;23812;3190;10,15721598;32401,51899;11310,60267;6706,194142;14384,72218;0,287754074
3134202;Ituiutaba;3097;1065;1737;0;224;85;6208;9586;0,498872423;0,171552835;0,279800258;0;0,01369201;0,036082474;0,083987651;52472;4407;25,08221925;110537,3402;5269,078882;66218,99556;39049,26579;0,104131727
3134806;Jacuí;463;1151;1310;0;79;0;3003;4782;0,154179154;0,383283383;0,436230436;0;0;0,026307026;0,097894138;10542;1032;5,984753237;6176,26534;226,2357844;4895,852714;1054,176842;0,346803263
3134905;Jacutinga;595;1373;1820;0;65;108;3961;5029;0,150214592;0,346629639;0,459479929;0;0,027265842;0,016409997;0,208678077;15833;3304;7,877561864;26027,4644;3130,517891;13616,99583;9279,950682;0,223394177
3135209;Januária;735;3562;1247;16;168;47;5775;10323;0,127272727;0,616796537;0,215930736;0,002770563;0,008138528;0,029090909;0,169647882;49756;8441;1,978976406;16704,53985;770,0718048;9641,351745;6293,116297;0,137852721
3135803;Jequitinhonha;225;1196;2212;0;37;28;3698;4975;0,060843699;0,323418064;0,598161168;0;0,00757166;0,010005408;0,163108951;18926;3087;1,817799038;5611,54563;44,69343294;3289,191325;2277,660873;0,197506076
3136702;Juíz de Fóra;19617;2312;9629;26;808;868;33260;16151;0,589807577;0,069512928;0,289506915;0,00078172;0,026097414;0,024293446;0,381284993;126989;48419;6,749162871;326787,717;106532,9279;18686,59356;201568,1955;0,270952602
3137809;Lambarí;2540;819;1708;0;64;20;5151;6507;0,493108134;0,158998253;0,3315861;0;0,003882741;0,012424772;0,468389283;9443;4423;4,457606012;19715,99139;1825,311443;1886,358807;16004,32114;0,5255745
3138203;Lavras;3726;2152;2807;2;176;63;8926;12582;0,41743222;0,241093435;0,314474569;0,000224065;0,007058033;0,019717679;0,185718462;27364;5082;8,315712931;42260,45311;7210,276837;8619,087829;26431,08845;0,458375968
3138401;Leopoldina;3798;4505;1829;8;219;270;10629;14379;0,357324301;0,423840437;0,172076395;0,000752658;0,025402202;0,020604008;0,223518962;40529;9059;5,662297219;51294,7505;9967,822097;21818,26788;19508,66052;0,289422389
3138609;Lima Duarte;1413;1153;2017;0;97;113;4793;6618;0,294804924;0,240559149;0,420822032;0;0,023576048;0,020237847;0,166634099;20470;3411;4,671703936;15935,18213;1421,092961;10505,02269;4009,066474;0,277870054
3138807;Luz;572;603;1373;0;115;15;2678;4245;0,213592233;0,225168036;0,512696042;0;0,005601195;0,042942494;0,15427328;13327;2056;8,191582968;16841,89458;976,927251;7719,055374;8145,911958;0,284760261
3139003;Machado;1484;997;392;2;69;27;2971;4083;0,499495119;0,335577247;0,131942107;0,000673174;0,009087849;0,023224504;0,073057953;22708;1659;16,6830835;27677,23553;3083,055839;11589,47084;13004,70886;0,424211732
3139409;Manhuaçú;3363;1467;2585;0;206;385;8006;12358;0,420059955;0,183237572;0,322882838;0;0,048088933;0,025730702;0,187354304;34747;6510;5,040095912;32811,02439;3857,478332;16587,73225;12365,8138;0,288456557
3139805;Mar de Espanha;1487;827;843;0;136;51;3344;4281;0,444677033;0,247308612;0,252093301;0;0,015251196;0,040669856;0,171748439;19383;3329;6,797685947;22629,49652;3825,441446;12268,15865;6535,896418;0,179899912
3139508;Menhumirim;1925;1976;2022;0;99;212;6234;9589;0,308790504;0,316971447;0,324350337;0;0,034007058;0,015880654;0,244202846;27686;6761;8,38244212;56673,69118;11819,23767;30779,59543;14074,85807;0,310879145
3140001;Meriana;3058;1919;3378;0;196;53;8604;13208;0,355416086;0,223035797;0,392608089;0;0,006159926;0,022780102;0,307526749;32524;10002;1,526173107;15264,78341;5581,141878;3617,332983;6066,308552;0,331509039
3141801;Mines Novaes;61;1862;1101;0;63;109;3196;4864;0,019086358;0,582603254;0,344493116;0;0,034105131;0,01971214;0,047598522;48720;2319;7,708175558;17875,25912;33,22343688;15874,23891;1967,796771;0,153222496
3142205;Miraí;1267;307;1566;0;62;140;3342;5177;0,379114303;0,091861161;0,468581688;0;0,041891083;0,018551765;0,18488529;14079;2603;5,704133113;14847,85849;3416,476759;6706,752798;4724,628936;0,29838767
3142908;Monte Azul;126;1056;472;0;33;57;1744;2686;0,072247706;0,605504587;0,270642202;0;0,032683486;0,018922018;0,12251475;20169;2471;6,375311743;15753,39532;12,26103028;14616,67899;1124,455298;0,175318558
3143104;Monte Carmelo;488;2250;2175;0;126;59;5098;6533;0,095723813;0,441349549;0,426637897;0;0,011573166;0,024715575;0,171888266;23556;4049;4,464283698;18075,88469;1372,444357;7714,186905;8989,253432;0,199779249
3143203;Monte Santo de Minas;1061;1209;1525;1;124;47;3967;5756;0,267456516;0,304764306;0,384421477;0,00025208;0,011847744;0,031257877;0,169371138;17317;2933;9,411974609;27605,32153;2953,326228;13110,35612;11541,63918;0,397239707
3143302;Montes Claros;4919;7853;1447;3;881;985;16088;34067;0,305755843;0,488127797;0,089942815;0,000186474;0,061225758;0,054761313;0,145143303;71736;10412;4,64064279;48318,37273;3658,928745;15215,96535;29443,47863;0,300867068
3144003;Mutim;31;9;2659;0;72;82;2853;7947;0,010865755;0,003154574;0,932001402;0;0,028741675;0,025236593;0,089046468;30602;2725;8,562755679;23333,50922;1009,359654;16979,79243;5344,35714;0,216652506
3144102;Muzambinho;1113;2147;2463;2;126;54;5905;9022;0,188484335;0,363590178;0,417104149;0,000338696;0,009144793;0,021337849;0,295415118;16140;4768;4,222997506;20135,25211;2231,50751;9253,105547;8650,639052;0,605947955
3144607;Nepomuceno;1124;288;1100;0;67;31;2610;3428;0,430651341;0,110344828;0,421455939;0;0,011877395;0,025670498;0,175491913;19414;3407;6,706442062;22848,8481;1484,375698;17582,21368;3782,258729;0,158699907
3144805;Nova Lima;6832;544;753;2;267;34;8432;14346;0,810246679;0,064516129;0,089302657;0,000237192;0,004032258;0,031665085;0,555626482;21932;12186;5,968784485;72735,60773;46432,12614;201,4240985;26102,05749;0,591874886
3145604;Oliveira;2055;3046;3536;0;256;86;8979;13128;0,228867357;0,339235995;0,393807774;0;0,009577904;0,02851097;0,208280255;23550;4905;4,739965195;23249,52928;3504,281556;11056,27497;8688,972755;0,695541401
3146008;Ouro Fino;1236;3228;3636;0;163;63;8326;11385;0,148450637;0,387701177;0,4367043;0;0,007566659;0,019577228;0,222831223;26455;5895;6,056348538;35702,17463;2687,143216;18445,02968;14570,00174;0,379398979
3146107;Ouro Preto;2937;917;2071;2;108;59;6094;10428;0,481949458;0,150475878;0,339842468;0,000328192;0,009681654;0,01772235;0,353084391;32859;11602;3,349515151;38861,07478;16517,18985;7176,516316;15167,36862;0,270610792
3146701;Palma;925;1497;1054;6;82;58;3622;5689;0,255383766;0,413307565;0,290999448;0,001656543;0,016013252;0,022639426;0,2015205;18415;3711;4,025048438;14936,95475;1429,39882;10900,86411;2606,691827;0,241542221
3147105;Pará de Minas;2352;3752;3203;0;249;164;9720;13856;0,241975309;0,38600823;0,329526749;0;0,016872428;0,025617284;0,185744852;29912;5556;2,850531198;15837,55134;1856,557294;11275,27348;2705,72056;0,346248997
3147204;Paraguaçú;832;727;731;1;50;29;2370;3268;0,351054852;0,306751055;0,308438819;0,000421941;0,012236287;0,021097046;0,282189807;11106;3134;3,204382181;10042,53376;1217,797168;4512,194962;4312,541625;0,248154151
3147303;Paraísopolis;1415;3483;1895;0;120;61;6974;9013;0,202896473;0,499426441;0,271723545;0;0,008746774;0,017206768;0,227127111;18417;4183;4,208361489;17603,57611;3480,155013;9296,56895;4826,852145;0,351848835
3147600;Passa Quatro;979;763;905;0;109;14;2770;3720;0,353429603;0,275451264;0,326714801;0;0,005054152;0,039350181;0,410057847;10718;4395;3,716950629;16335,99801;4289,778528;3021,826825;9024,39266;0,285501026
3147907;Passos;2197;5246;2588;1;285;197;10514;17549;0,208959483;0,498953776;0,246147993;9,51113E-05;0,018736922;0,027106715;0,095826802;33811;3240;19,54174978;63315,26929;7902,827289;28776,90714;26635,53487;0,475555293
3148004;Patos de Minas;1117;5698;6705;1;337;182;14040;18431;0,079558405;0,405840456;0,477564103;7,12251E-05;0,012962963;0,024002849;0,160699832;64244;10324;6,184472797;63848,49716;2573,23429;35224,31698;26050,94589;0,21724986
3148608;Peçanha;639;4572;5343;0;184;324;11062;16002;0,057765323;0,413306816;0,483004882;0;0,029289459;0,01663352;0,102432432;40700;4169;3,183784658;13273,19824;134,0802988;10136,31118;3002,806761;0,291081081
3148707;Pedra Azul;979;3147;2319;0;182;258;6885;9747;0,142193174;0,45708061;0,336819172;0;0,037472767;0,026434277;0,194920664;21932;4275;2,181651355;9326,559544;133,6847817;6439,237073;2753,637689;0,306356009
3149309;Pedro Leopoldo;4237;1163;2165;0;202;103;7870;10293;0,538373571;0,147776366;0,275095299;0;0,013087675;0,02566709;0,49055884;15729;7716;2,059625537;15892,07064;2526,958788;5477,952391;7887,159461;0,4484074
3150802;Piranga;2154;4250;2098;0;239;148;8889;12796;0,242321971;0,478119024;0,23602205;0;0,016649792;0,026887164;0,114467668;36744;4206;3,104449428;13057,3143;385,2336609;9097,462799;3574,617836;0,261539299
3151206;Pirapora;3088;1446;1086;1;146;133;5900;9032;0,523389831;0,245084746;0,184067797;0,000169492;0,022542373;0,024745763;0,312424864;28282;8836;2,103705346;18588,34044;1283,848525;7369,673798;9934,818114;0,17488155
3151404;Pitanguí;1912;3259;3816;1;266;115;9369;13220;0,204077276;0,34784929;0,407300672;0,000106735;0,012274522;0,028391504;0,178811415;34377;6147;3,734076489;22953,36818;3416,476759;11930,84578;7606,045636;0,318468744
3151503;Piuí;938;2082;3326;0;154;91;6591;10741;0,142315278;0,315885298;0,504627522;0;0,013806706;0,023365195;0,355045755;15736;5587;2,259698381;12624,93485;1307,975068;5522,181632;5794,778154;0,799758516
3151800;Poços de Caldas;3011;1064;792;3;206;326;5402;8319;0,557386153;0,196964087;0,146612366;0,00055535;0,060348019;0,038134024;0,588580259;25237;14854;6,677582226;99188,80638;8116,011009;6227,531997;84845,26338;0,306256687
3152105;Ponte Nova;7964;5998;4203;2;474;791;19432;32095;0,40983944;0,308666118;0,216292713;0,000102923;0,040706052;0,024392754;0,319931198;60463;19344;4,687246225;90670,09098;17604,86189;39155,87402;33909,35507;0,441641996
3152501;Pouso Alegre;3238;1138;1503;0;131;35;6045;9583;0,535649297;0,188254756;0,248635236;0;0,005789909;0,021670802;0,245936445;28731;7066;4,706274305;33254,53424;4375,60574;9191,377363;19687,55114;0,474122028
3152600;Pouso Alto;2903;1017;1510;3;118;33;5584;7183;0,519878223;0,182127507;0,270415473;0,000537249;0,005909742;0,021131805;0,218045113;6916;1508;5,395660119;8136,65546;646,2749507;4148,959368;3341,421141;0,79178716
3152709;Prados;1034;981;1542;0;75;51;3683;5084;0,280749389;0,266358947;0,418680424;0;0,013847407;0,020363834;0,192094235;8829;1696;3,293487354;5585,754552;1435,727094;2587,929048;1562,098411;0,927285083
3152808;Prata;600;996;738;0;83;13;2430;4615;0,24691358;0,409876543;0,303703704;0;0,005349794;0,034156379;0,192988694;14063;2714;9,898014749;26863,21203;1829,662131;17318,8921;7714,657796;0,643390457
3154002;Raul Soares;1890;3764;1695;0;159;324;7832;11718;0,241317671;0,480592441;0,216419816;0;0,041368744;0,020301328;0,160526863;38492;6179;6,860966172;42393,90998;3737,241132;29859,08393;8797,584915;0,209679933
3154903;Rio Casca;2220;2258;1954;0;199;110;6741;9150;0,329327993;0,334965139;0,289867972;0;0,016318054;0,029520843;0,149574486;23266;3480;5,145086909;17904,90244;2355,699881;10447,62554;5101,577019;0,34552566
3155405;Rio Novo;1438;287;1367;1;71;74;3218;4300;0,446861405;0,08918583;0,424798011;0,000310752;0,022995649;0,022063393;0,281550115;14786;4163;3,794957645;15798,40868;1680,156665;10240,15902;3878,092987;0,254768024
3155603;Rio Pardo de Minas;210;757;1394;0;115;27;2503;3292;0,083899321;0,302437076;0,556931682;0;0,010787056;0,045944866;0,047521207;34069;1619;5,244562568;8490,946798;22,93999213;8084,669773;383,3370333;0,057060671
3155900;Rio Preto;1174;1387;1114;0;86;49;3810;5092;0,308136483;0,364041995;0,292388451;0;0,012860892;0,022572178;0,141698272;9492;1345;8,480435324;11406,18551;363,084703;6165,137059;4877,963749;0,477981458
3156908;Sacramento;1029;1552;1357;0;81;52;4071;6892;0,252763449;0,381233112;0,333333333;0;0,012773274;0,019896831;0,06653649;20485;1363;18,16640743;24760,81332;2619,114274;14296,06777;7845,631282;0,303783256
3157005;Salinas;433;3105;1293;0;134;12;4977;7081;0,087000201;0,623869801;0,259795057;0;0,002411091;0,02692385;0,092596081;63696;5898;2,871849697;16938,16951;849,1752259;11715,75763;4373,236655;0,107636272
3157203;Santa Bárbara;4772;2322;2054;0;300;106;9554;16113;0,499476659;0,243039565;0,214988486;0;0,011094829;0,031400461;0,275417937;19022;5239;1,761698062;9229,536146;747,9228468;3699,483808;4782,129491;0,728209442
3157807;Santa Luzia;4094;2727;2534;1;371;236;9963;14182;0,410920406;0,273712737;0,254341062;0,000100371;0,023687644;0,03723778;0,285333333;10875;3103;2,327997852;7223,777334;2131,046165;3524,243807;1568,487361;0,913011494
3159605;Santa Rita do Sapucaí;1746;846;2144;0;114;43;4893;7140;0,356836297;0,172900061;0,438176988;0;0,008788065;0,02329859;0,270028499;25264;6822;4,934242432;33661,40187;4029,92379;14633,41665;14998,06143;0,187341672
3160405;Santo Antônio do Monte;1589;604;2079;0;110;31;4413;5859;0,360072513;0,136868344;0,47110809;0;0,0070247;0,024926354;0,167589499;20950;3511;3,438799257;12073,62419;1432,958474;7161,882139;3478,783577;0,222577566
3160702;Santos Dumont;4047;1108;2393;3;145;0;7696;10026;0,525857588;0,143970894;0,310940748;0,000389813;0;0,018840956;0,244477701;33410;8168;5,039306325;41161,05407;12154,24066;11226,36401;17780,4494;0,231607303
3161007;São Domingos do Prata;764;2596;1818;0;82;634;5894;7777;0,129623346;0,440447913;0,30844927;0;0,107567017;0,013912453;0,161663782;33514;5418;3,231595227;17508,78294;753,8556034;11014,45526;5740,472074;0,175807125
3161106;São Francisco;320;1633;2382;0;164;201;4700;6632;0,068085106;0,347446809;0,506808511;0;0,042765957;0,034893617;0,072771577;33241;2419;7,457420912;18039,50119;152,2740857;15906,65243;1980,574672;0,457386962
3162005;São Gonçalo do Sapucaí;897;1705;2118;0;103;38;4861;6388;0,184529932;0,350750874;0,435712816;0;0,007817322;0,021189056;0,140303795;18631;2614;6,831696796;17858,05543;1410,413999;10068,2743;6379,36713;0,292308518
3162104;São Gotardo;731;2044;2946;0;150;55;5926;8415;0,123354708;0,344920688;0,497131286;0;0,009281134;0,025312184;0,102171702;22609;2310;7,353348108;16986,23413;1350,295399;6177,097433;9458,841297;0,487239595
3162500;São João Del Rei;4015;2777;4012;0;157;220;11181;17176;0,359091316;0,248367767;0,358823003;0;0,019676236;0,014041678;0,38728986;50621;19605;3,313760702;64966,27855;26494,89988;10094,85479;28376,52389;0,264811047
3162906;São João Nepomuceno;2139;2443;860;67;29;76;5614;7974;0,381011756;0,435162095;0,153188457;0,01193445;0,013537585;0,005165657;0,345884529;22707;7854;4,217867747;33127,13328;10110,60377;11954,06162;11062,46789;0,310256749
3164704;São Sebastião do Paraíso;2998;1584;3342;0;171;141;8236;12687;0,364011656;0,192326372;0,405779505;0;0,017119961;0,020762506;0,375408244;22658;8506;4,030926582;34287,06151;2937,110027;11592,12189;19757,82959;0,590166828
3167103;Sêrro;548;1754;1125;0;130;84;3641;6657;0,150508102;0,481735787;0,308981049;0;0,023070585;0,035704477;0,131453423;28512;3748;3,097612027;11609,84988;334,6074714;7713,40247;3561,839935;0,331719978
3167202;Sete Lagoas;4480;4385;2649;0;397;152;12063;17627;0,37138357;0,363508248;0,219597115;0;0,012600514;0,032910553;0,305291941;24868;7592;4,829112786;36662,62427;6503,487769;5136,811653;25022,32485;0,609216664
3168408;Tarumirim;1208;4801;1835;0;174;357;8375;11174;0,144238806;0,573253731;0,219104478;0;0,042626866;0,020776119;0,044219836;42741;1890;7,151987359;13517,25611;649,8346046;10471,56505;2395,856458;0,288715753
3168606;Teófilo Otoni;3388;3544;3033;5;298;138;10406;18321;0,325581395;0,340572746;0,291466462;0,000480492;0,01326158;0,028637325;0,17152641;87316;14977;3,164285057;47391,4973;1328,937475;28262,94358;17799,61625;0,257627468
3169307;Três Corações;1522;1329;1486;1;115;48;4501;5660;0,338147078;0,295267718;0,330148856;0,000222173;0,010664297;0,025549878;0,395637659;22465;8888;3,795422417;33733,71444;3659,719779;8246,145091;21827,84957;0,231248609
3169406;Três Pontas;1306;950;955;0;76;17;3304;4506;0,39527845;0,287530266;0,289043584;0;0,005145278;0,023002421;0,092835693;23310;2164;17,47996781;37826,65034;1572,971529;15272,36519;20981,31362;0,185242385
3169604;Tupaciguara;1715;1090;896;1;94;181;3977;7350;0,43122957;0,274075937;0,225295449;0,000251446;0,045511692;0,023635906;0,182797223;21171;3870;10,29651433;39847,51045;1095,186866;27824,02366;10928,29993;0,320768976
3169901;Ubá;3609;7188;5952;1;457;169;17376;28061;0,207700276;0,413674033;0,342541436;5,75506E-05;0,009726059;0,026300645;0,312271695;40516;12652;3,739562402;47312,94351;3447,72261;15223,55556;28641,66534;0,639475763
3170107;Uberaba;9523;2473;5315;9;550;247;18117;28800;0,525638903;0,136501628;0,293370867;0,000496771;0,013633604;0,030358227;0,375205231;69434;26052;4,817521798;125506,0779;19410,00196;24477,23258;81618,84335;0,329161506
3170206;Uberlândia;6579;1814;4089;5;645;210;13342;20462;0,493104482;0,135961625;0,306475791;0,000374756;0,015739769;0,048343577;0,457605849;54984;25161;5,353365576;134696,0313;36898,97734;19522,8262;78274,22773;0,322802997
3170701;Varginha;2552;1318;2760;3;138;75;6846;9298;0,372772422;0,19252118;0,403155127;0,000438212;0,010955302;0,020157756;0,509233708;23555;11995;4,20395632;50426,45606;6897,027289;10051,32786;33478,10091;0,291530461
3171303;Viçosa;3919;6200;2081;2;280;286;12768;19246;0,306939223;0,485588972;0,162985589;0,000156642;0,022399749;0,021929825;0,196375861;36588;7185;4,300111275;30896,29951;1444,42847;13552,96758;15898,90346;0,488329507
3172004;Visconde do Rio Branco;2910;3944;2316;1;224;161;9556;15273;0,30452072;0,41272499;0,24236082;0,000104646;0,016848054;0,02344077;0,148745177;26179;3894;9,176049437;35731,53651;8085,556191;13222,92444;14423,05588;0,47274533
